crn,password,sbi,agreementNumber
1300000001,perftesting,300000001,FPTT183557834
1300000002,perftesting,300000002,FPTT327873242
1300000003,perftesting,300000003,FPTT355955526
1300000004,perftesting,300000004,FPTT534783043
1300000005,perftesting,300000005,FPTT572829721
1300000006,perftesting,300000006,FPTT789071501
1300000007,perftesting,300000007,FPTT524092297
1300000008,perftesting,300000008,FPTT213951256
1300000009,perftesting,300000009,FPTT827295592
1300000010,perftesting,300000010,FPTT602981425
1300000011,perftesting,300000011,FPTT381156945
1300000012,perftesting,300000012,FPTT667575112
1300000013,perftesting,300000013,FPTT909212625
1300000014,perftesting,300000014,FPTT291234472
1300000015,perftesting,300000015,FPTT667961812
1300000016,perftesting,300000016,FPTT772514987
1300000017,perftesting,300000017,FPTT994304333
1300000018,perftesting,300000018,FPTT115861241
1300000019,perftesting,300000019,FPTT229564751
1300000020,perftesting,300000020,FPTT317073662
1300000021,perftesting,300000021,FPTT902867395
1300000022,perftesting,300000022,FPTT894534022
1300000023,perftesting,300000023,FPTT763066091
1300000024,perftesting,300000024,FPTT347339420
1300000025,perftesting,300000025,FPTT620966310
1300000026,perftesting,300000026,FPTT740812724
1300000027,perftesting,300000027,FPTT175631022
1300000028,perftesting,300000028,FPTT464126884
1300000029,perftesting,300000029,FPTT177197581
1300000030,perftesting,300000030,FPTT396213146
1300000031,perftesting,300000031,FPTT555322444
1300000032,perftesting,300000032,FPTT691183345
1300000033,perftesting,300000033,FPTT742139353
1300000034,perftesting,300000034,FPTT299549075
1300000035,perftesting,300000035,FPTT938637904
1300000036,perftesting,300000036,FPTT583437983
1300000037,perftesting,300000037,FPTT273554521
1300000038,perftesting,300000038,FPTT508769836
1300000039,perftesting,300000039,FPTT397153760
1300000040,perftesting,300000040,FPTT420111388
1300000041,perftesting,300000041,FPTT921694493
1300000042,perftesting,300000042,FPTT806884865
1300000043,perftesting,300000043,FPTT696994271
1300000044,perftesting,300000044,FPTT432836561
1300000045,perftesting,300000045,FPTT201671460
1300000046,perftesting,300000046,FPTT754083392
1300000047,perftesting,300000047,FPTT946154259
1300000048,perftesting,300000048,FPTT370803813
1300000049,perftesting,300000049,FPTT473732456
1300000050,perftesting,300000050,FPTT647075871
1300000051,perftesting,300000051,FPTT970733820
1300000052,perftesting,300000052,FPTT605549441
1300000053,perftesting,300000053,FPTT334338682
1300000054,perftesting,300000054,FPTT395018870
1300000055,perftesting,300000055,FPTT904976277
1300000056,perftesting,300000056,FPTT346471778
1300000057,perftesting,300000057,FPTT781803211
1300000058,perftesting,300000058,FPTT158471603
1300000059,perftesting,300000059,FPTT831319067
1300000060,perftesting,300000060,FPTT296773978
1300000061,perftesting,300000061,FPTT358056099
1300000062,perftesting,300000062,FPTT812539299
1300000063,perftesting,300000063,FPTT185945740
1300000064,perftesting,300000064,FPTT664105382
1300000065,perftesting,300000065,FPTT874658729
1300000066,perftesting,300000066,FPTT870624710
1300000067,perftesting,300000067,FPTT914771824
1300000068,perftesting,300000068,FPTT718864811
1300000069,perftesting,300000069,FPTT869161127
1300000070,perftesting,300000070,FPTT112095076
1300000071,perftesting,300000071,FPTT370319125
1300000072,perftesting,300000072,FPTT220535981
1300000073,perftesting,300000073,FPTT669548452
1300000074,perftesting,300000074,FPTT954556484
1300000075,perftesting,300000075,FPTT402548102
1300000076,perftesting,300000076,FPTT215067353
1300000077,perftesting,300000077,FPTT934850267
1300000078,perftesting,300000078,FPTT220971539
1300000079,perftesting,300000079,FPTT833519797
1300000080,perftesting,300000080,FPTT398121147
1300000081,perftesting,300000081,FPTT698346287
1300000082,perftesting,300000082,FPTT937971335
1300000083,perftesting,300000083,FPTT348788607
1300000084,perftesting,300000084,FPTT999227418
1300000085,perftesting,300000085,FPTT236498814
1300000086,perftesting,300000086,FPTT315494638
1300000087,perftesting,300000087,FPTT307174167
1300000088,perftesting,300000088,FPTT409977335
1300000089,perftesting,300000089,FPTT386795952
1300000090,perftesting,300000090,FPTT704322147
1300000091,perftesting,300000091,FPTT777447739
1300000092,perftesting,300000092,FPTT120907702
1300000093,perftesting,300000093,FPTT462529007
1300000094,perftesting,300000094,FPTT664911660
1300000095,perftesting,300000095,FPTT106304735
1300000096,perftesting,300000096,FPTT729739607
1300000097,perftesting,300000097,FPTT172504177
1300000098,perftesting,300000098,FPTT827366092
1300000099,perftesting,300000099,FPTT357254804
1300000100,perftesting,300000100,FPTT372464714